{
    "exchange": {
        "name": "binance",
        "key": "1",
        "secret": "2",
        "ccxt_config": {"enableRateLimit": true},
        "ccxt_async_config": {
            "enableRateLimit": true,
            "rateLimit": 0
        },
        "pair_whitelist": [],
        "pair_blacklist": [
            // Exchange
            ".*(BNB)/.*",
            // Major
            //".*(BTC|ETH)/.*",
            // Leverage
            ".*(_PREMIUM|BEAR|BULL|DOWN|HALF|HEDGE|UP|[1235][SL])/.*",
            // Fiat
            ".*(AUD|BRZ|CAD|CHF|EUR|GBP|HKD|IDRT|JPY|NGN|RUB|SGD|TRY|UAH|USD|ZAR)/.*",
            // Stable
            ".*(BUSD|CUSDT|DAI|PAX|PAXG|SUSD|TUSD|USDC|USDT|VAI)/.*",
            // FAN
            ".*(ACM|AFA|ALA|ALL|APL|ASR|ATM|BAR|CAI|CITY|FOR|GAL|GOZ|IBFK|JUV|LEG|LOCK-1|NAVI|NMR|NOV|OG|PFL|PSG|ROUSH|STV|TH|TRA|UCH|UFC|YBO)/.*",
            // Others
            ".*(CHZ|CTXC|HBAR|HEGIC|NMR|SHIB|SLP|XVS)/.*"
        ]
    }
}
