{
    "max_open_trades": 4,
    "stake_currency": "BUSD",
    "stake_amount" : 15,
    "amend_last_stake_amount ": true,
    "tradable_balance_ratio": 0.99,
    "fiat_display_currency": "USD",
    "dry_run": true,
    "dry_run_wallet": 65,
    "cancel_open_orders_on_exit": false,
    "unfilledtimeout": {
        "buy": 10,
        "sell": 30
    },
    "order_types": {
        "buy": "market",
        "sell": "market",
        "emergencysell": "market",
        "trailing_stop_loss": "market",
        "stoploss": "market",
        "stoploss_on_exchange": false,
        "stoploss_on_exchange_interval": 60
    },
    "bid_strategy": {
        "price_side": "ask",
        "ask_last_balance": 0.0,
        "use_order_book": false,
        "order_book_top": 1,
        "check_depth_of_market": {
            "enabled": false,
            "bids_to_ask_delta": 1
        }
    },
    "ask_strategy": {
        "price_side": "bid",
        "use_order_book": false,
        "order_book_min": 1,
        "order_book_max": 1
    },
    "pairlists": [
        {"method": "StaticPairList"},
    ],
    "exchange": {
        "name": "binance",
        "key": "1",
        "secret": "2",
        "ccxt_config": {"enableRateLimit": true},
        "ccxt_async_config": {
            "enableRateLimit": true,
            "rateLimit": 200
        },
        "pair_whitelist": [
            "ETH/BUSD",
            "BTCST/BUSD",
            "AXS/BUSD",
            "TLM/BUSD",
            "TVK/BUSD",
            "DOGE/BUSD",
            "SHIB/BUSD",
            "XRP/BUSD",
            "EOS/BUSD",
            "MATIC/BUSD",
            "SOL/BUSD",
            "BAKE/BUSD",
            "AUCTION/BUSD",
            "DOT/BUSD",
            "CAKE/BUSD",
            "DEXE/BUSD",
            "FRONT/BUSD",
            "LUNA/BUSD",
            "AUDIO/BUSD",
            "ALICE/BUSD",
            "DODO/BUSD",
            "SNX/BUSD",
            "VET/BUSD",
            "ENJ/BUSD",
            "SLP/BUSD",
            "ICP/BUSD",
            "MDX/BUSD",
            "AAVE/BUSD",
            "SAND/BUSD",
            "ETC/BUSD",
            "LINA/BUSD",
            "DEGO/BUSD",
            "LINK/BUSD",
            "COMP/BUSD",
            "UNI/BUSD",
            "WING/BUSD",
            "CVP/BUSD",
            "NANO/BUSD",
            "SXP/BUSD",
            "FOR/BUSD",
            "ATOM/BUSD",
            "MANA/BUSD",
            "RUNE/BUSD",
            "EPS/BUSD",
            "SUPER/BUSD",
            "UNFI/BUSD",
            "ONE/BUSD",
            "ALPHA/BUSD",
            "GHST/BUSD",
            "EGLD/BUSD",
            "SYS/BUSD",
            "BCH/BUSD",
            "PROM/BUSD",
            "SUSHI/BUSD",
            "XLM/BUSD",
            "IQ/BUSD",
            "LIT/BUSD",
            "KSM/BUSD",
            "GRT/BUSD",
            "XTZ/BUSD",
            "BAND/BUSD",
            "CTSI/BUSD",
            "POND/BUSD",
            "VIDT/BUSD",
            "IDEX/BUSD",
            "HEGIC/BUSD",
            "UFT/BUSD",
            "COVER/BUSD",
            "LPT/BUSD",
            "XVS/BUSD",
            "BCHA/BUSD",
            "SC/BUSD",
            "MASK/BUSD",
            "KEEP/BUSD",
            "AERGO/BUSD",
            "FIS/BUSD",
            "ADA/BUSD",
            "DATA/BUSD",
            "PERP/BUSD",
            "SKL/BUSD",
            "XVG/BUSD",
            "THETA/BUSD",
            "BZRX/BUSD",
            "DASH/BUSD",
            "CHZ/BUSD",
            "SRM/BUSD",
            "NEO/BUSD",
            "TRX/BUSD",
            "REEF/BUSD",
            "ZIL/BUSD",
            "FTM/BUSD",
            "IOST/BUSD",
            "JUV/BUSD",
            "SFP/BUSD",
            "HARD/BUSD",
            "BTT/BUSD",
            "ICX/BUSD",
            "IOTA/BUSD",
            "POLS/BUSD",
            "BEL/BUSD",
            "RSR/BUSD",
            "CRV/BUSD",
            "HBAR/BUSD",
            "ATA/BUSD",
            "WRX/BUSD",
            "AVAX/BUSD",
            "RAMP/BUSD",
            "1INCH/BUSD",
            "YFI/BUSD",
            "KAVA/BUSD",
            "ACM/BUSD",
            "TKO/BUSD",
            "COTI/BUSD",
            "ALGO/BUSD",
            "KNC/BUSD",
            "OCEAN/BUSD",
            "FIO/BUSD",
            "HOT/BUSD",
            "PHA/BUSD",
            "WAVES/BUSD",
            "IOTX/BUSD",
            "AR/BUSD",
            "HNT/BUSD",
            "MIR/BUSD",
            "TWT/BUSD",
            "CTK/BUSD",
            "XEC/BUSD",
            "LRC/BUSD",
            "CHR/BUSD",
            "ROSE/BUSD",
            "QNT/BUSD"
        ],
        "pair_blacklist": []
    },
    "edge": {
        "enabled": false,
        "process_throttle_secs": 3600,
        "calculate_since_number_of_days": 7,
        "allowed_risk": 0.01,
        "stoploss_range_min": -0.01,
        "stoploss_range_max": -0.1,
        "stoploss_range_step": -0.01,
        "minimum_winrate": 0.60,
        "minimum_expectancy": 0.10,
        "min_trade_number": 10,
        "max_trade_duration_minute": 1440,
        "remove_pumps": false
    },
    "api_server": {
        "enabled": false,
        "listen_ip_address": "0.0.0.0",
        "listen_port": 8080,
        "verbosity": "error",
        "jwt_secret_key": "00",
        "CORS_origins": [],
        "username": "11",
        "password": "22"
    },
    "bot_name": "freqtrade_bot",
    "initial_state": "running",
    "forcebuy_enable": false,
    "internals": {
        "process_throttle_secs": 5
    }
}
