{
    "max_open_trades": 4,
    "stake_currency": "USDT",
    "stake_amount" : 15,
    "amend_last_stake_amount ": true,
    "tradable_balance_ratio": 0.99,
    "fiat_display_currency": "USD",
    "dry_run": true,
    "dry_run_wallet": 65,
    "cancel_open_orders_on_exit": false,
    "unfilledtimeout": {
        "buy": 10,
        "sell": 30,
        "unit": "seconds"
    },
    "order_types": {
        "buy": "market",
        "sell": "market",
        "emergencysell": "market",
        "trailing_stop_loss": "market",
        "stoploss": "market",
        "stoploss_on_exchange": false,
        "stoploss_on_exchange_interval": 60
    },
    "bid_strategy": {
        "price_side": "ask",
        "ask_last_balance": 0.0,
        "use_order_book": false,
        "order_book_top": 1,
        "check_depth_of_market": {
            "enabled": false,
            "bids_to_ask_delta": 1
        }
    },
    "ask_strategy": {
        "price_side": "bid",
        "use_order_book": false,
        "order_book_min": 1,
        "order_book_max": 1
    },
    "pairlists": [
        {"method": "StaticPairList"},
    ],
    "exchange": {
        "name": "binance",
        "key": "1",
        "secret": "2",
        "ccxt_config": {"enableRateLimit": true},
        "ccxt_async_config": {
            "enableRateLimit": true,
            "rateLimit": 200
        },
        "pair_whitelist": [
            "AAVE/USDT",
            "ADA/USDT",
            "AION/USDT",
            "ALGO/USDT",
            "ALICE/USDT",
            "ALPHA/USDT",
            "ANKR/USDT",
            "AR/USDT",
            "ATM/USDT",
            "ATOM/USDT",
            "AUDIO/USDT",
            "AVA/USDT",
            "AVAX/USDT",
            "AXS/USDT",
            "BAKE/USDT",
            "BAT/USDT",
            "BCH/USDT",
            "BTC/USDT",
            "BTCST/USDT",
            "BTG/USDT",
            "BTT/USDT",
            "BURGER/USDT",
            "CAKE/USDT",
            "CELO/USDT",
            "CELR/USDT",
            "CHR/USDT",
            "CHZ/USDT",
            "CKB/USDT",
            "COCOS/USDT",
            "COMP/USDT",
            "CRV/USDT",
            "CTSI/USDT",
            "CVC/USDT",
            "DASH/USDT",
            "DATA/USDT",
            "DEGO/USDT",
            "DENT/USDT",
            "DGB/USDT",
            "DIA/USDT",
            "DNT/USDT",
            "DOCK/USDT",
            "DODO/USDT",
            "DOGE/USDT",
            "DOT/USDT",
            "EGLD/USDT",
            "ENJ/USDT",
            "EOS/USDT",
            "ETC/USDT",
            "ETH/USDT",
            "FIL/USDT",
            "FTM/USDT",
            "GRT/USDT",
            "GTO/USDT",
            "GXS/USDT",
            "HARD/USDT",
            "HBAR/USDT",
            "HIVE/USDT",
            "HNT/USDT",
            "HOT/USDT",
            "ICX/USDT",
            "IOST/USDT",
            "IOTA/USDT",
            "IOTX/USDT",
            "KAVA/USDT",
            "KSM/USDT",
            "LINK/USDT",
            "LPT/USDT",
            "LRC/USDT",
            "LTC/USDT",
            "LTO/USDT",
            "LUNA/USDT",
            "MANA/USDT",
            "MASK/USDT",
            "MATIC/USDT",
            "MBL/USDT",
            "MKR/USDT",
            "MTL/USDT",
            "NEO/USDT",
            "NKN/USDT",
            "NMR/USDT",
            "OM/USDT",
            "OMG/USDT",
            "ONE/USDT",
            "ONG/USDT",
            "ONT/USDT",
            "OXT/USDT",
            "PERL/USDT",
            "PERP/USDT",
            "PNT/USDT",
            "POLS/USDT",
            "POND/USDT",
            "QNT/USDT",
            "QTUM/USDT",
            "REEF/USDT",
            "RLC/USDT",
            "ROSE/USDT",
            "RUNE/USDT",
            "RVN/USDT",
            "SAND/USDT",
            "SC/USDT",
            "SKL/USDT",
            "SLP/USDT",
            "SNX/USDT",
            "SOL/USDT",
            "STMX/USDT",
            "STPT/USDT",
            "STRAX/USDT",
            "STX/USDT",
            "SUPER/USDT",
            "SUSHI/USDT",
            "SXP/USDT",
            "TFUEL/USDT",
            "THETA/USDT",
            "TKO/USDT",
            "TLM/USDT",
            "TRX/USDT",
            "TWT/USDT",
            "UNI/USDT",
            "VET/USDT",
            "WAVES/USDT",
            "WIN/USDT",
            "WING/USDT",
            "WRX/USDT",
            "XEM/USDT",
            "XLM/USDT",
            "XMR/USDT",
            "XRP/USDT",
            "XTZ/USDT",
            "XVS/USDT",
            "YFI/USDT",
            "ZEC/USDT",
            "ZEN/USDT",
            "ZIL/USDT",
            "ZRX/USDT",
        ],
        "pair_blacklist": []
    },
    "edge": {
        "enabled": false,
        "process_throttle_secs": 3600,
        "calculate_since_number_of_days": 7,
        "allowed_risk": 0.01,
        "stoploss_range_min": -0.01,
        "stoploss_range_max": -0.1,
        "stoploss_range_step": -0.01,
        "minimum_winrate": 0.60,
        "minimum_expectancy": 0.10,
        "min_trade_number": 10,
        "max_trade_duration_minute": 1440,
        "remove_pumps": false
    },
    "api_server": {
        "enabled": false,
        "listen_ip_address": "0.0.0.0",
        "listen_port": 8080,
        "verbosity": "error",
        "jwt_secret_key": "00",
        "CORS_origins": [],
        "username": "11",
        "password": "22"
    },
    "bot_name": "freqtrade_bot",
    "initial_state": "running",
    "forcebuy_enable": false,
    "internals": {
        "process_throttle_secs": 5
    }
}
